	USE toretatebox;
	
	-- ===========================
	-- categories
	-- ===========================
	INSERT INTO categories (id, name, sort_order, is_active, created_at, updated_at) VALUES
	(1, '野菜', 1, TRUE, '2025-11-18 10:04:02', '2025-11-18 10:04:02'),
	(2, '果物', 2, TRUE, '2025-11-18 10:04:02', '2025-11-18 10:04:17');
	
	-- ===========================
	-- users
	-- ===========================
	INSERT INTO users (id, name, name_kana, phone_number, email, password, is_admin, is_deleted, created_at, updated_at) VALUES
	(1, 'ゲスト購入者', 'ゲスト', '00000000000', 'guest@example.com', '$2a$10$3HI4bO4/mg8DixUoZshvq.hMtYpocl/fje7g8SFFjSos7c0U/zcHC', FALSE, FALSE, '2025-12-26 09:56:33', '2025-12-26 09:56:33'),
	(2, '石井隆', 'イシイタカシ', '09197845598', 'bull@example.com', '$2a$10$IeosnMgYWiWwgan06lf8meGLr4woSAGq3wzS1/PXpkXqzDGB9MI4y', FALSE, FALSE, '2025-12-26 10:57:27', '2025-12-26 10:57:27'),
	(3, '日本太郎', 'ニホンタロウ', '01022345566', 'yama@example.com', '$2a$10$BN4uZmxOivBJgo.Aax3JhunCF/8aTbdGSauWZ4WZGf8EpTOvk.FvG', FALSE, FALSE, '2025-12-26 11:53:10', '2025-12-26 11:53:10'),
	(4, '我那覇健司', 'ガナハケンジ', '09055662345', 'okinawa@example.com', '$2a$10$Ut5JmRB2Aqnq7Olwv/Cg9emM1cAy4AgDNo7T0PWNKTnqSdBfUcM6i', TRUE,  FALSE, '2026-01-26 13:29:59', '2026-01-26 13:30:31');
	
	-- ============================
	-- addresses
	-- ============================
	INSERT INTO addresses (id, user_id, recipient, phone_number, postal_code, prefecture, city, address_line1, address_line2, created_at, updated_at) VALUES
	(1, 1, 'ゲスト購入者', '00000000000', '1000001', '東京都', '千代田区', 'テスト1-1-1', '', '2026-01-20 11:50:00', '2026-01-20 11:50:00'),
	(2, 2, '石井隆', '09197845598', '4390987', '福岡', '博多', '東京20-90', '', '2025-12-26 10:57:27', '2025-12-26 10:57:27'),
	(3, 3, '日本太郎', '01022345566', '1198765', '大阪', '難波', '北海道40-76', '', '2025-12-26 11:53:10', '2026-01-16 11:48:46'),
	(4, 4, '我那覇健司', '09055662345', '3399512', '沖縄', '那覇', '崖下6丁目10-44', '', '2026-01-26 13:29:59', '2026-01-26 13:29:59');
	
	-- ============================
	-- products
	-- ============================
	INSERT INTO products (id, name, description, price, category_id, season, image_url, is_active, created_at, updated_at) VALUES
	(1, '紅玉(りんご)', '青森のリンゴ', 1000, 2, '冬', '/images/赤りんご.png', TRUE, '2025-11-18 10:05:01', '2026-01-30 13:28:20'),
	(2, 'とちおとめ(いちご)', '栃木のいちご', 600, 2, '冬', '/images/いちご.png', TRUE, '2025-11-20 10:41:17', '2026-01-30 13:28:20'),
	(3, '奥州ロマン(りんご)', '岩手のりんご', 1200, 2, '冬', '/images/黄りんご.png', TRUE, '2025-11-20 10:46:41', '2026-01-30 13:28:20'),
	(4, '下仁田ネギ(ネギ)', '群馬のネギ', 400, 1, '冬', '/images/ねぎ.png', TRUE, '2025-11-20 10:46:41', '2026-01-30 13:28:20'),
	(5, '桃太郎トマト(トマト)', '全国的にもメジャーな品種で、熊本でも多く栽培されています。果肉がしっかりしており、三位と甘みのバランスが絶妙です', 800, 1, '夏', '/images/トマト.png', TRUE, '2025-11-20 11:38:41', '2026-01-30 13:28:20'),
	(6, '温州みかん(みかん)', '鹿児島のみかん', 400, 1, '冬', '/images/mikan.png', TRUE, '2025-11-20 11:38:41', '2026-01-30 13:28:20'),
	(7, '島バナナ(バナナ)', '沖縄のバナナ', 150, 2, '冬', '/images/バナナ.png', TRUE, '2025-11-20 13:13:47', '2026-01-30 13:28:20'),
	(8, '巨峰(ぶどう)', '巨峰は1945年に発表されて以来、日本人に愛されてきたブドウで、今もなお国内で最も広く栽培されています。肉質は欧州種に近く塊状と崩壊性の中間で、荷重が多く、甘みが強く酸味はやや控えめで食味良好なブドウです。', 2000, 2, '秋', '/images/巨峰.png', TRUE, '2025-12-02 11:16:57', '2026-01-30 13:28:20'),
	(9, '錦大黒(カボチャ)', 'ほくほくした触感と良質な甘さは自慢のカボチャ', 1200, 1, '秋', '/images/カボチャ.png', TRUE, '2025-12-02 11:16:57', '2026-01-30 13:28:20'),
	(10, 'グリーンボール(キャベツ)', '一般的にはキャベツといえば結球するタイプを指しています。これまで様々な品種改良がなされ、今では食感、外見などが違う沢山の品種があり、季節によっても栽培される品種が変わります。', 800, 1, '通年', '/images/キャベツ.png', TRUE, '2025-12-10 11:01:55', '2026-01-30 13:28:20'),
	(11, 'サンチュ', '焼肉を包んで食べるほか、ゆでても炒めてもおいしいです', 450, 1, '春', '/images/サンチュ.png', TRUE, '2025-12-12 11:04:00', '2026-01-30 13:28:20'),
	(12, '早生(玉ねぎ)', '早生は「新玉ねぎ」の一種で表面の皮が薄く、みずみずしくて辛みが少ないので、サラダにする際もスライスしてから水にさらさなくても食べられます。', 300, 1, '春', '/images/玉ねぎ.png', TRUE, '2025-12-12 11:31:42', '2026-01-30 13:28:20'),
	(13, 'パルメロ(マンゴー)', '糖度は20%前後で果肉は柔らかく舌触りも滑らかで完成されたスイーツといっても過言ではありません。', 1800, 2, '春', '/images/マンゴー.png', TRUE, '2025-12-12 10:22:53', '2026-01-30 13:28:20');
	

	-- ============================
	-- orders
	-- ============================
	INSERT INTO orders (id, user_id, address_id, total_amount, created_at, updated_at) VALUES
	(1, 2, 3, 1000, '2026-01-16 13:26:23', '2026-01-16 13:26:23'),
	(2, 3, 3, 600,  '2026-01-16 14:26:33', '2026-01-16 14:26:33'),
	(3, 4, 2, 600,  '2026-01-16 14:37:55', '2026-01-16 14:37:55'),
	(4, 4, 3, 600,  '2026-01-20 11:35:56', '2026-01-20 11:35:56'),
	(5, 1, 1, 1200, '2026-01-20 11:54:36', '2026-01-20 11:54:36');
	
	-- ============================
	-- order_items
	-- ============================
	INSERT INTO order_items (id, order_id, product_id, quantity, unit_price, created_at, updated_at) VALUES
	(1, 1, 2, 1, 600,  '2026-01-20 11:35:56', '2026-01-20 11:35:56'),
	(2, 2, 3, 1, 1200, '2026-01-20 11:54:36', '2026-01-20 11:54:36'),
	(3, 3, 1, 1, 1000, '2026-01-20 13:08:33', '2026-01-20 13:08:33'),
	(4, 4, 2, 1, 600,  '2026-01-20 13:08:33', '2026-01-20 13:08:33'),
	(5, 5, 3, 1, 1200, '2026-01-20 13:10:14', '2026-01-20 13:10:14');
	
	-- ============================
	-- cart_items
	-- ============================
	INSERT INTO cart_items (id, user_id, product_id, quantity, created_at, updated_at) VALUES
	(1, 1, 2, 1, '2026-01-20 11:40:00', '2026-01-20 11:40:00'),
	(2, 2, 4, 2, '2026-01-20 11:41:00', '2026-01-20 11:41:00'),
	(3, 3, 1, 1, '2026-01-20 11:42:00', '2026-01-20 11:42:00');
	
	